lon,lat,presence,BIO1,BIO12,BIO15
-12.9998,-5.7957,1,231.83,958.0,90.14
-9.9209,16.804,1,227.41,780.3,82.01
5.0578,15.0695,1,230.52,1000.2,36.49
-14.9194,-23.4223,1,228.31,1030.6,79.65
13.0752,-0.8995,1,207.82,1174.0,50.97
49.3619,5.4873,1,220.29,1117.3,77.25
38.3237,-4.4477,1,224.59,955.2,67.7
27.8188,17.0351,1,208.05,736.8,42.08
31.322,3.0261,1,257.97,1256.7,94.21
34.779,-2.2735,1,221.02,1129.0,33.95
-6.4052,0.1932,1,194.99,806.8,78.1
-15.8532,15.5138,1,260.25,1245.2,62.49
3.3311,-22.7313,1,220.62,912.9,67.03
41.3516,5.3202,1,174.43,1351.2,64.16
-3.9008,-14.3976,1,214.01,888.0,55.19
44.0244,-13.5683,1,244.2,885.7,87.27
31.0229,0.8788,1,218.04,814.1,65.34
19.9499,-19.2064,1,247.59,1448.5,57.15
1.6523,-20.0507,1,223.91,948.4,32.9
36.0876,-16.874,1,277.37,1525.0,80.83
7.8192,17.0477,1,255.9,521.7,65.57
1.5589,4.2788,1,210.5,1015.5,77.77
-0.5618,-7.0042,1,239.22,1556.3,88.18
-8.6654,-0.4475,1,214.24,1008.9,52.27
27.5487,-4.51,1,224.69,1124.9,32.81
-11.1629,6.9968,1,250.59,1579.1,60.82
45.1788,-10.4684,1,277.1,955.5,46.79
47.5462,-14.584,1,232.35,801.3,25.33
-11.9167,-2.4416,1,190.91,1094.7,100.77
-6.0956,12.3478,1,208.58,1502.9,100.12
49.8077,-10.9443,1,171.3,1220.4,104.36
41.6185,-29.5552,1,216.55,1069.9,56.05
48.8436,-16.341,1,261.23,1174.3,12.79
39.8721,-7.535,1,232.26,1251.6,69.15
-6.9504,-7.9721,1,229.27,1392.4,57.03
20.6091,6.3496,1,185.94,1466.6,95.15
42.9989,9.6955,1,219.4,1187.7,53.79
-8.4384,-14.4671,1,216.03,1202.9,75.55
-1.9846,6.1803,1,250.32,1127.6,59.49
26.4505,3.2529,1,226.26,1339.2,63.82
2.8628,-10.54,1,176.92,1189.9,55.03
-10.0157,13.9743,1,209.33,1084.3,86.52
-3.0993,-23.5887,1,253.71,1608.6,43.67
19.3479,-7.4003,1,214.02,769.1,53.1
-3.148,-18.1217,1,231.51,590.7,78.95
29.8561,-26.2511,1,243.38,1101.5,57.2
19.2401,-5.7366,1,217.22,1124.6,48.57
-10.0957,-20.1407,1,256.73,1086.5,55.64
16.7055,8.8172,1,201.28,1303.8,53.35
13.4417,8.7319,1,232.31,1149.7,40.2
37.5188,5.7986,1,223.29,1156.8,55.94
49.6004,14.86,1,237.52,1834.3,79.58
-15.842,-10.3744,1,235.07,692.4,88.55
10.5846,17.6571,1,225.11,752.2,87.17
43.6602,-11.969,1,214.9,797.1,31.76
5.6484,-21.4333,1,221.1,842.0,54.31
31.4944,-19.3109,1,235.36,1201.4,51.05
19.0223,-4.4672,1,265.69,1300.6,46.49
5.5389,-16.7688,1,267.11,1015.3,87.64
10.5084,6.7706,1,259.64,1239.7,57.63
-3.9864,-25.157,1,262.99,1284.8,58.17
32.3568,-10.6913,1,222.44,1220.6,73.93
40.7337,-27.2907,1,209.35,1193.9,73.03
3.6855,-1.3,1,192.87,1076.6,44.46
2.52,-23.1235,1,220.55,1020.8,57.79
46.4994,12.2263,1,238.42,1557.5,45.21
11.0496,-6.2102,1,288.68,1076.1,43.35
3.6739,-10.0164,1,191.36,1372.5,75.67
33.3003,-7.2711,1,242.36,994.1,50.46
44.2024,-3.0055,1,186.34,1575.2,54.87
-8.8817,-18.3428,1,240.42,1614.3,94.23
-11.7124,4.7801,1,207.25,1286.7,74.72
27.8097,-1.0597,1,241.31,1061.8,62.36
20.0018,-6.9891,1,189.98,1384.2,46.84
47.0773,-29.264,1,289.03,904.8,118.32
14.5666,-18.3555,1,296.18,1039.2,51.75
44.2286,-3.5002,1,233.91,910.1,41.55
-0.2138,-5.3848,1,225.05,1063.3,60.16
48.7297,-7.4645,1,259.62,637.9,45.78
20.2517,-19.3788,1,248.76,1341.9,72.34
45.5636,-2.2011,1,217.51,1285.4,50.6
38.6687,-6.0335,1,251.43,942.8,34.9
-0.5018,9.4364,1,265.03,1110.2,47.88
36.0583,-21.8752,1,230.9,1135.6,37.25
44.3492,-3.9774,1,224.53,1118.8,97.86
46.2728,2.0743,1,240.21,1227.8,39.46
39.293,-18.8912,1,229.1,1160.8,40.68
24.0128,2.0042,1,229.13,943.6,44.64
15.1741,-29.6826,1,226.34,1185.2,44.24
48.4686,-29.1772,1,226.32,1373.6,32.38
36.8194,13.6691,1,238.8,1284.1,67.75
17.799,9.1303,1,243.14,1167.2,79.99
7.3675,-10.5107,1,160.19,837.5,64.59
39.655,1.3793,1,267.51,1518.5,33.74
-11.642,-11.7953,1,221.97,1166.9,72.24
15.9904,-9.1723,1,230.91,1283.1,34.76
40.3413,-25.4226,1,222.74,1184.4,69.66
42.3537,-7.176,1,278.85,1312.9,62.27
44.9398,13.167,1,224.04,1169.8,75.67
47.3799,-1.8223,1,220.6,1206.7,28.41
9.0841,-26.307,1,239.69,1389.7,70.07
42.9638,-14.077,1,208.61,1205.8,49.02
49.2165,4.7599,1,162.34,1196.0,80.23
39.0299,-13.6515,1,238.87,1289.0,10.57
8.9758,7.1306,1,249.63,1244.4,83.2
6.1952,15.1749,1,228.65,788.2,72.53
26.9257,-25.8867,1,197.14,836.1,58.1
-7.513,4.1605,1,219.93,872.0,35.54
3.5341,-24.8856,1,251.45,1208.4,49.9
-8.9895,-21.0052,1,245.28,837.9,68.04
9.747,-28.7394,1,223.29,1305.3,45.54
8.1962,-15.9913,1,217.21,1103.9,65.45
43.2773,13.45,1,262.26,1146.6,69.48
-8.5589,-15.5457,1,251.42,1091.6,60.31
11.558,-9.7871,1,220.05,1211.9,59.84
24.5023,-1.4973,1,248.81,1247.9,68.96
2.7167,15.5435,1,212.82,1563.0,65.96
4.7621,9.1428,1,208.92,1715.3,18.21
-8.7435,-14.6081,1,245.83,1134.7,39.71
47.8733,-16.0105,1,289.43,1081.8,38.13
21.1598,-18.3636,1,197.23,1588.0,52.31
20.3418,-1.5731,1,237.66,764.6,51.44
19.4067,15.7442,1,191.89,1312.5,44.63
29.1128,9.3103,1,237.82,1287.1,40.32
15.9526,0.4001,1,231.84,1639.3,52.35
-12.9704,17.5536,1,186.94,899.0,62.63
16.4497,14.1788,1,218.79,849.1,64.78
42.8941,-4.2285,1,207.17,1118.3,53.57
34.2889,1.5649,1,207.89,1542.1,115.14
28.0681,-10.8183,1,249.7,1213.1,8.06
11.271,-29.4937,1,228.36,1558.1,33.82
21.116,-8.6026,1,226.12,800.0,81.74
22.0241,-5.9776,1,226.87,1255.3,76.43
47.3975,-24.4287,1,245.83,1354.4,55.97
3.2085,-8.144,1,237.69,1532.0,38.76
29.3799,-14.6923,1,234.01,1030.1,94.66
-10.1742,10.7606,1,207.52,838.5,89.46
-1.4139,-21.6262,1,291.69,1405.7,81.65
47.1755,-18.8709,1,216.79,1307.6,46.49
-16.0149,-0.5229,1,209.46,1330.6,85.33
8.4408,3.8273,1,241.46,1682.0,62.59
-11.0809,11.855,1,221.62,1302.8,76.39
13.1134,-17.407,1,249.91,920.8,42.7
23.569,-1.8238,1,204.15,865.3,91.57
23.9807,9.0594,1,224.26,957.5,53.67
-8.8916,-24.3426,1,223.07,1135.0,71.96
29.1537,-5.4804,1,218.14,1280.3,50.45
25.2141,3.2848,1,240.7,412.7,0
19.7341,-6.4972,1,243.82,1401.2,53.67
6.4147,-29.54,1,232.51,1560.6,87.8
52.2872,0.435,0,168.79,1743.3,55.72
42.9919,-0.904,0,69.84,174.1,93.72
1.9067,-18.0118,0,179.03,503.7,60.31
35.6889,21.2736,0,181.93,371.7,22.56
38.1335,25.8626,0,138.05,2074.3,14.58
33.9235,3.7083,0,287.55,345.8,101.31
36.3509,-16.1833,0,289.84,1179.4,48.34
41.2546,-4.8744,0,288.55,1961.5,36.06
40.8027,7.0339,0,134.15,1805.8,79.6
-7.5514,-28.8612,0,99.59,596.7,16.53
6.3112,-17.5132,0,179.3,876.8,87.45
1.7,-18.6126,0,255.92,2465.2,84.72
-12.8581,37.0218,0,238.57,2305.0,119.17
45.0286,-29.8489,0,257.86,699.2,88.25
42.1361,20.9179,0,212.3,1274.7,73.52
0.1538,-6.862,0,158.48,1620.7,106.81
-13.0179,1.2491,0,116.77,2347.2,50.6
51.2691,-13.8169,0,50.59,1957.9,90.6
34.8199,-3.3241,0,209.39,959.7,16.97
20.0818,-22.5736,0,153.11,608.4,39.54
42.1258,-12.9796,0,188.7,1458.7,63.39
5.7805,14.6042,0,61.62,339.0,96.23
14.4686,-30.061,0,255.84,1159.1,10.07
51.8524,-23.8145,0,215.26,416.6,81.5
-8.0767,34.618,0,115.76,1671.0,37.54
7.8883,32.304,0,89.73,1051.2,43.61
32.4581,-21.2685,0,207.32,1788.9,10.12
15.7605,-29.384,0,104.29,1732.0,11.02
32.1698,25.3687,0,287.16,1113.6,24.54
-14.6879,-9.3544,0,225.38,345.8,44.47
46.0742,-29.0297,0,235.63,1907.6,24.65
54.4705,-28.5718,0,177.32,120.3,81.5
13.0075,17.7946,0,200.74,463.3,55.29
31.4925,28.797,0,70.81,341.1,92.77
24.218,-9.2774,0,281.18,854.8,25.38
0.7726,-33.2601,0,182.82,1540.0,76.84
38.4227,15.2381,0,253.49,1680.2,43.18
18.8312,0.7618,0,229.48,809.3,16.0
47.3434,36.3737,0,168.77,370.6,64.95
24.5447,2.2629,0,284.65,2468.5,112.73
-10.1013,28.8651,0,186.41,977.0,85.12
37.2044,36.3562,0,234.89,140.1,17.43
-0.3361,-36.8139,0,64.51,1994.3,65.73
27.1428,0.0839,0,149.7,1784.3,19.07
20.2424,9.2838,0,116.59,843.8,66.24
-4.7602,24.6448,0,178.73,1037.8,79.77
42.5895,14.4845,0,65.87,1776.8,90.3
43.4851,-35.3675,0,70.69,1142.8,59.87
25.6624,-15.2568,0,228.01,1877.6,23.14
33.0925,16.12,0,89.32,2387.2,67.53
38.724,17.6612,0,90.07,404.6,95.92
0.1573,30.9132,0,235.14,170.5,98.78
0.3985,-34.8902,0,220.96,1484.0,18.48
14.1398,-11.1901,0,169.91,1460.5,50.45
-0.8663,-31.7676,0,187.74,1834.7,35.12
18.1619,-36.477,0,257.1,686.9,61.89
8.7235,-27.9932,0,273.48,2158.0,70.82
48.5461,19.2533,0,150.65,872.3,55.79
34.0216,-18.2994,0,68.69,994.7,65.22
47.6456,-25.6525,0,243.04,2455.4,114.95
-14.8305,-2.7925,0,117.75,2127.6,46.0
21.4819,-39.3625,0,98.16,1453.1,43.43
26.7038,-2.8859,0,192.01,1284.1,94.99
-5.3433,32.0355,0,232.52,688.3,10.7
10.7527,-21.3602,0,133.14,2115.0,106.49
51.3243,-39.883,0,207.75,2137.6,89.99
-12.2038,2.3852,0,107.16,1280.9,16.59
54.7719,16.9322,0,72.33,2311.1,108.7
18.9819,16.0678,0,139.4,2438.9,19.34
-12.8317,-29.3189,0,246.79,279.6,72.46
12.6237,37.1375,0,106.83,726.4,44.65
40.0613,16.058,0,226.48,863.3,39.92
-14.3984,-23.783,0,237.18,1503.3,27.1
-7.6719,-2.7156,0,147.56,1386.2,116.11
-4.4273,-15.3354,0,113.6,387.8,27.34
31.4541,26.1109,0,217.25,196.8,101.95
4.5845,-32.703,0,109.57,953.8,66.48
30.7888,-19.1867,0,287.76,174.6,54.48
13.9151,19.8463,0,109.96,1208.9,98.43
-9.5155,-39.0434,0,249.29,2458.2,24.38
41.7755,-10.2208,0,201.27,1647.2,74.06
-0.5885,25.0198,0,55.23,254.7,109.27
13.2573,-29.6967,0,267.22,2090.5,46.47
-16.7978,-3.1204,0,90.32,1477.3,100.39
9.6249,-37.6414,0,213.97,514.7,33.62
-5.9637,-17.6116,0,262.02,183.2,78.11
-1.5661,-16.3916,0,148.88,1421.7,16.71
0.9832,-29.0211,0,97.87,2223.2,67.84
27.3066,24.1734,0,240.76,2474.6,96.01
6.9334,3.5614,0,166.32,2290.4,65.26
9.1286,-25.6147,0,126.53,625.6,108.53
38.3904,-35.3127,0,287.97,1370.6,94.35
54.9704,37.9184,0,74.03,1676.5,39.32
41.2214,33.3808,0,63.42,2491.3,34.14
43.4879,23.7913,0,135.15,2114.1,102.97
-6.7925,7.4016,0,243.49,1774.3,110.54
-17.8845,16.0449,0,277.41,1452.7,71.94
-5.8825,39.0405,0,261.59,1281.3,44.0
16.7827,-32.7794,0,105.83,625.1,67.91
-19.9487,33.4317,0,98.35,413.2,88.86
48.9086,27.5427,0,127.66,152.6,74.53
48.7918,21.9493,0,253.16,2165.6,115.66
8.0193,35.3539,0,144.94,342.5,43.19
-9.7661,-27.3997,0,277.69,2000.4,115.67
28.6885,-26.0638,0,282.5,1764.5,112.17
39.0244,-22.141,0,191.35,520.8,43.75
31.6374,-29.8121,0,224.92,2377.1,114.36
9.3701,39.5427,0,281.64,177.7,76.26
49.0779,37.4025,0,103.01,1457.3,113.04
-9.4517,19.6275,0,107.12,2457.7,28.47
46.399,-32.9019,0,220.15,1633.8,107.53
13.4972,-18.783,0,109.89,262.7,38.23
-11.8974,-39.8975,0,142.62,1858.2,116.6
46.3414,-0.5534,0,140.89,1410.5,21.16
15.9617,29.1241,0,206.23,1749.2,27.89
-14.4718,27.661,0,120.78,864.9,114.68
-14.435,-26.3916,0,140.11,1856.8,70.18
47.3593,-32.5516,0,192.57,1572.7,63.1
-17.6755,35.3954,0,89.6,2235.4,27.28
-12.4057,-23.556,0,95.6,1773.3,89.42
34.7481,-18.7788,0,117.57,670.1,15.46
22.8827,27.1884,0,86.86,966.0,57.04
2.0912,12.9616,0,194.05,579.2,12.83
-7.1876,-16.6551,0,69.66,2125.0,43.92
9.8101,-0.8723,0,208.65,318.7,69.85
-6.1339,30.8394,0,138.66,1169.9,38.96
14.8793,-21.9006,0,114.45,247.9,92.75
30.0601,-33.1434,0,132.51,1399.5,116.78
24.2295,4.2882,0,251.79,2064.2,56.05
20.1636,29.3515,0,163.96,2216.0,62.39
-14.0784,32.2222,0,221.43,1305.0,109.05
40.0338,14.2028,0,198.87,388.7,93.29
-7.0341,38.7494,0,283.32,2040.3,23.88
11.7531,39.0624,0,154.49,2493.4,78.99
42.5581,-19.3691,0,268.59,2294.0,17.37
9.1074,-8.2116,0,128.27,762.9,60.4
45.51,22.9241,0,199.53,1354.1,56.16
11.0832,-28.144,0,191.1,1920.1,113.36
49.3696,5.0147,0,74.24,786.6,68.92
5.7902,-7.1288,0,141.93,1265.4,76.99
-17.1901,-17.9669,0,84.52,1560.8,86.3
-17.0913,31.1659,0,129.56,670.2,92.03
49.0626,31.7625,0,54.86,2061.7,43.34
1.026,-0.6705,0,217.08,335.7,105.58
-9.9211,37.9376,0,156.35,2082.0,39.64
11.258,11.6444,0,95.1,607.3,100.64
35.5709,20.7595,0,258.13,2070.4,66.68
-8.0771,-15.1102,0,171.63,425.6,103.64
45.9499,-37.6841,0,96.26,2099.0,102.07
-1.2882,-3.4841,0,270.33,1791.1,40.14
41.763,0.4101,0,202.5,397.3,13.36
7.935,7.5235,0,92.62,2189.2,74.56
6.232,-26.9189,0,264.68,1897.5,85.77
1.3802,-9.0747,0,89.1,1473.4,116.14
44.2833,11.7904,0,212.65,745.8,55.05
-18.4961,22.4243,0,234.22,121.4,110.27
28.5529,8.0914,0,52.03,705.7,98.56
2.9095,37.362,0,204.26,1117.1,51.41
6.1532,-19.8401,0,162.01,1725.3,100.67
9.7864,-31.815,0,172.76,1689.7,102.76
8.0672,11.7874,0,196.17,816.3,21.89
-15.2122,39.0689,0,203.74,2167.6,38.73
33.332,31.3899,0,121.71,459.8,94.2
47.4765,24.4344,0,242.57,1540.1,82.66
31.0567,17.7027,0,207.3,2493.9,38.54
11.3924,-8.938,0,58.48,1799.4,72.92
-5.7564,18.124,0,103.37,1383.1,96.34
47.9895,13.7495,0,171.76,2129.0,102.47
45.7371,-25.5091,0,73.42,407.1,38.45
40.6258,21.0335,0,93.94,1731.3,46.92
-13.3025,-11.5773,0,228.61,837.0,96.69
4.8488,-19.1553,0,120.57,2142.9,61.76
44.9795,6.686,0,276.63,270.9,107.84
17.5358,29.3998,0,141.6,816.1,15.95
44.068,-29.0108,0,98.07,1082.1,72.63
47.9966,-3.3943,0,125.93,1817.6,95.68
16.5686,10.4826,0,92.44,1622.8,10.52
0.5146,20.8955,0,90.47,1934.8,63.85
37.2677,-32.9567,0,197.48,1620.4,54.37
52.3996,-9.3347,0,59.05,578.6,51.04
-18.9442,-14.2229,0,249.97,557.4,84.44
27.0015,-20.0942,0,216.45,926.4,24.18
8.7663,7.0937,0,90.08,2077.2,42.8
1.8121,18.2266,0,193.13,910.8,107.68
54.6604,-12.5814,0,266.33,962.2,30.73
51.1063,33.4564,0,146.81,648.2,89.99
-10.1596,18.7261,0,191.53,505.6,50.33
28.7905,-37.0109,0,260.37,713.9,68.82
-16.356,39.5744,0,208.87,1668.6,12.17
31.7312,-6.658,0,141.26,1413.5,62.18
-8.5155,15.6154,0,201.27,822.7,82.78
29.6862,-18.4018,0,195.35,429.2,101.37
-12.1314,17.5013,0,78.26,373.6,21.69
-5.1015,-24.02,0,113.12,1355.6,32.18
32.7578,-16.3719,0,59.46,1291.3,32.85
49.9843,-13.5517,0,50.66,1711.9,109.76
42.6424,13.5218,0,85.79,316.2,66.29
34.2673,-31.8968,0,111.41,654.8,118.75
2.2017,-2.8578,0,73.95,519.3,14.34
1.7925,24.1277,0,125.05,1872.5,20.45
36.8653,-36.3289,0,254.48,1692.1,28.76
6.8146,-4.9828,0,199.23,2208.3,20.22
41.1223,-25.3704,0,146.19,2409.5,39.9
8.9287,28.0537,0,241.98,1657.2,97.66
-11.5208,15.6936,0,64.08,2361.9,27.53
11.2021,7.26,0,242.54,1728.1,29.94
8.4813,-11.3121,0,56.92,1742.7,102.24
53.0083,-29.5476,0,270.9,371.0,55.24
-16.5521,-19.071,0,125.42,1791.0,84.57
37.5647,6.1319,0,185.6,2446.9,83.68
5.3725,1.8483,0,218.14,328.6,82.79
-1.3567,-12.34,0,212.31,1023.7,102.29
21.8758,39.0233,0,63.1,1644.2,27.26
43.6634,28.1497,0,258.66,279.7,64.08
-1.9331,37.6116,0,62.08,634.5,80.76
10.2458,-21.2,0,160.18,2023.0,59.29
44.2442,-4.2346,0,78.49,1293.7,81.87
-12.3018,-7.0129,0,183.71,100.4,20.0
25.3152,9.5253,0,123.1,1320.0,32.75
30.3606,36.0284,0,137.2,230.3,34.52
14.0845,4.8121,0,198.74,1235.5,82.29
33.6935,-30.8781,0,232.24,632.2,47.55
42.2413,37.1547,0,120.08,1352.8,87.23
-16.5666,-26.8676,0,83.71,1820.5,89.37
-11.9779,8.8681,0,95.01,2332.5,53.22
14.2785,22.5136,0,222.03,358.6,55.59
49.497,26.9973,0,191.31,1953.1,59.56
29.3843,36.4952,0,82.31,1297.2,68.34
-16.3571,34.8247,0,251.32,1259.0,65.92
49.0872,-25.8238,0,188.85,1853.2,24.12
9.0554,8.0437,0,261.85,1309.9,52.31
53.4626,33.2728,0,232.97,756.6,116.0
52.7869,-3.7723,0,82.01,1090.6,87.0
36.132,-16.0869,0,218.36,2165.7,88.31
50.1634,10.6067,0,98.21,1598.0,41.96
5.897,13.7899,0,285.52,1660.2,115.42
17.792,15.545,0,127.37,377.0,48.75
16.0277,5.6511,0,210.12,1101.9,92.27
43.1042,-17.1258,0,253.35,2039.9,67.5
-18.1046,-28.3739,0,210.86,579.8,92.52
-7.9298,-17.0708,0,110.13,2114.5,85.97
2.1355,20.2875,0,57.75,2053.7,21.27
45.1027,19.1594,0,257.56,1881.8,71.74
-2.1803,22.7446,0,241.72,790.3,83.09
49.4864,-8.9956,0,279.61,2442.0,44.39
21.4093,-38.9628,0,110.32,1589.3,95.9
45.2589,26.3987,0,268.76,1791.1,81.24
36.6331,3.7292,0,194.81,1962.8,116.07
2.0633,-25.8059,0,213.84,548.7,29.12
18.5385,-9.8241,0,152.84,1435.8,24.31
23.799,-19.5987,0,129.34,1803.3,27.03
-8.4722,-14.1896,0,62.21,2337.7,77.72
29.6418,-0.7559,0,187.44,959.4,96.24
3.8394,-22.403,0,94.13,263.6,65.57
11.1948,2.9629,0,72.07,630.9,33.47
4.8913,-11.1362,0,102.43,1906.4,68.35
54.7473,25.8951,0,285.47,121.1,83.58
13.425,32.3597,0,197.29,1590.7,115.48
31.1914,-14.325,0,269.82,2368.0,52.45
20.5178,-17.3737,0,268.72,2073.1,51.25
40.2113,-4.3554,0,60.52,2255.9,31.18
18.5421,35.8569,0,90.17,2395.1,69.18
-19.4502,-34.7623,0,210.88,1956.6,105.14
11.8157,-31.6859,0,179.06,1786.6,117.38
38.1405,11.7249,0,275.54,1892.5,26.91
14.4419,-13.4628,0,71.01,230.2,97.36
21.8563,5.997,0,104.63,720.8,52.68
27.2663,-5.358,0,54.05,1715.9,68.83
28.1067,9.4679,0,231.43,1505.5,87.1
-14.5558,34.2438,0,75.47,1988.5,43.15
-13.5121,21.2219,0,155.04,1048.3,82.68
15.5491,2.6774,0,82.73,1038.4,97.72
20.9293,36.8107,0,84.58,1725.5,110.56
39.6263,18.346,0,139.55,2378.7,70.89
21.6302,-30.1412,0,51.21,1532.0,69.09
51.0235,-15.6247,0,229.59,2268.5,47.82
10.9491,11.6745,0,173.01,486.3,34.29
42.6061,-24.4539,0,93.53,2019.2,103.75
43.8541,34.5896,0,288.64,1207.0,70.46
1.799,-34.611,0,73.57,1841.4,63.59
4.8138,-29.7428,0,207.31,340.1,78.15
47.5089,-14.5771,0,158.16,1579.2,43.62
23.8127,5.2442,0,137.48,859.2,57.11
-19.6376,-20.306,0,103.17,1875.6,57.97
43.0083,-29.2555,0,225.91,2206.9,60.91
6.9056,-15.5623,0,182.4,521.8,76.73
43.1345,28.6971,0,83.6,1392.7,38.96
46.4752,-33.883,0,68.1,144.7,65.79
-17.6604,6.5512,0,147.23,1516.1,109.69
21.3695,3.4775,0,289.69,1233.0,95.27
7.4364,-22.1355,0,235.31,1859.7,42.01
14.8526,0.833,0,145.23,1305.2,82.89
43.5986,24.5232,0,197.37,498.0,66.56
13.4665,-25.6684,0,277.69,1682.6,116.45
35.194,-1.3197,0,136.11,625.2,63.64
-15.2854,-10.4452,0,60.27,596.3,109.85
7.0939,-2.4261,0,159.11,211.4,117.86
4.3053,16.2989,0,175.13,2091.2,101.84
-0.2513,3.548,0,91.72,1668.8,50.18
29.0002,26.8375,0,174.0,1003.2,109.8
18.7279,-11.7682,0,258.25,1268.5,63.03
25.3158,0.147,0,83.35,497.5,18.48
28.2608,-23.0786,0,94.86,969.3,88.9
-11.1252,-21.5723,0,244.68,1828.6,62.97
15.9111,-23.1437,0,88.7,2100.1,12.47
-16.7642,5.8789,0,88.67,1610.9,14.31
22.9202,-35.527,0,111.98,532.1,115.41
24.9518,5.0884,0,54.47,1826.9,82.79
1.2591,-33.1401,0,157.81,2482.7,105.4
-7.2075,26.4291,0,194.2,2007.1,100.25
-6.3587,12.7719,0,113.48,1838.0,47.69
14.0103,7.2477,0,105.16,1025.1,21.94
-4.8239,28.7673,0,171.05,1107.5,26.45
-12.7776,-1.9305,0,197.54,193.7,96.23
17.7497,-30.5987,0,165.74,412.8,76.38
42.0641,31.7575,0,235.97,1658.2,67.42
7.7783,-36.5249,0,177.16,650.8,98.25
39.2167,-9.5011,0,191.37,1879.3,93.77
32.2531,-32.1826,0,82.13,1245.1,35.58
44.429,-17.3387,0,260.42,1080.8,30.79
33.1862,23.1538,0,188.72,382.8,10.79
29.091,15.0213,0,125.82,969.4,27.03
28.8682,-19.7094,0,255.19,1116.5,50.22
0.667,14.4485,0,231.19,1091.7,96.22
16.1851,-10.383,0,183.18,709.1,43.73
5.8267,16.4396,0,226.59,2152.0,82.52
36.0861,-4.2724,0,217.83,488.3,33.59
10.0421,-12.925,0,182.14,1772.9,87.75
-7.9446,37.1656,0,51.27,318.6,25.99
49.4396,-5.1698,0,65.38,632.2,18.8
-17.1683,-9.2539,0,286.27,1573.5,67.31
33.3704,7.7978,0,276.97,2068.5,80.43
12.9229,-23.8634,0,207.65,2029.4,41.46
-17.4793,7.9612,0,173.8,656.0,28.64
-17.2954,-20.8595,0,50.07,477.9,119.65
38.4755,-11.7498,0,144.83,1506.6,66.95
35.2694,-34.5106,0,71.64,782.8,101.27
48.6257,-12.1524,0,281.19,763.6,76.7
-5.4106,34.3771,0,187.98,726.7,54.78
-12.0151,-34.2091,0,120.62,2372.8,98.32
51.7532,30.089,0,245.16,1479.7,86.36
52.4542,5.0535,0,234.79,1917.9,115.74
14.4136,-3.1424,0,190.84,165.6,22.79
-14.9334,10.6929,0,288.61,1724.6,35.29
3.6798,36.4357,0,173.96,123.3,101.54
-1.3807,-32.5592,0,211.69,2070.6,18.36
49.8547,-1.8756,0,134.85,2246.4,39.6
51.0339,14.6486,0,268.38,1297.6,31.96
35.1572,29.8194,0,99.63,586.6,37.47
26.3948,-27.5204,0,75.61,2308.5,84.34
29.7568,9.1062,0,233.42,1399.5,14.65
16.1719,9.6534,0,168.16,2464.9,108.67
45.1577,-0.7356,0,286.25,2298.4,40.83
-3.343,6.1332,0,63.0,2018.2,62.62
20.5576,0.198,0,144.49,1747.2,29.23
53.238,15.8596,0,160.42,1754.1,11.3
-4.1936,6.4807,0,128.1,1570.7,38.57
21.1423,-21.0289,0,163.12,1571.4,50.25
17.4078,-23.1574,0,218.17,993.5,103.98
0.9722,-25.6089,0,81.47,1482.1,35.14
-12.5098,-18.4041,0,106.59,1137.3,51.9
-9.0617,36.7318,0,85.89,2033.6,29.43
17.4698,39.6449,0,253.85,1340.8,89.26
38.9,-15.9973,0,184.91,1462.8,53.82
31.7907,-35.1971,0,245.32,1243.7,79.28
13.7391,-13.2275,0,136.63,1444.8,112.5
-0.6714,-38.4132,0,79.1,2181.7,115.94
-5.0781,6.0716,0,205.79,518.9,95.83
6.6332,13.8554,0,167.0,1867.7,107.86
8.5803,-17.0781,0,201.61,447.6,28.43
40.5788,-13.0089,0,201.51,1471.9,103.38
-14.6492,-27.04,0,104.77,860.5,42.05
0.0604,11.5715,0,115.1,1167.8,104.91
7.2374,6.9536,0,281.73,1093.6,30.23
-18.2674,18.2218,0,208.89,2357.0,87.08
-13.9951,-26.6472,0,74.72,253.1,106.66
21.1325,-37.8908,0,145.28,1936.0,19.16
-0.3161,-27.5781,0,207.16,2225.1,44.03
-1.4453,-17.266,0,200.36,415.1,102.24
-17.8572,13.0839,0,256.49,880.5,62.38
53.1236,3.2467,0,115.38,1167.6,116.65
32.3217,-25.8371,0,193.42,1614.5,79.94
22.2988,1.8768,0,203.49,843.2,48.19
20.4751,24.3766,0,156.05,977.9,38.58
2.768,-39.9926,0,245.69,2135.1,47.83
15.1898,-39.3346,0,271.3,2372.7,62.48
-19.3151,-5.5652,0,120.3,654.9,10.79
8.0233,-7.0611,0,184.53,1047.4,27.96
35.2838,-8.8221,0,140.81,731.2,56.45
-2.0329,21.1631,0,268.39,2038.2,85.31
1.3508,19.4342,0,244.11,1091.0,103.88
-6.3195,-16.8324,0,202.85,1582.6,39.93
26.7065,-24.9768,0,54.65,219.1,68.85
-6.0547,-31.8181,0,114.61,1816.5,89.98
-2.5392,-27.9453,0,168.46,920.6,44.27
39.9597,39.8371,0,161.28,1999.4,46.33
43.266,36.1315,0,63.45,1961.6,17.85
15.261,-24.6246,0,251.97,2061.4,101.11
-10.8529,21.4517,0,109.75,1950.9,58.73
35.3214,-37.3192,0,160.6,1950.4,67.33
53.6587,-2.174,0,213.55,849.1,45.54
27.1873,-36.6251,0,274.98,1350.2,37.86
27.889,-24.1021,0,263.0,2172.8,33.96
-11.5304,10.6327,0,127.88,501.7,40.37
-11.0263,23.1315,0,52.14,200.8,96.18
15.6453,7.697,0,139.14,314.8,27.35
-13.1449,9.4916,0,273.4,2492.7,78.76
-15.5169,11.566,0,218.32,1999.5,23.84
-2.5494,38.5341,0,239.25,1916.1,98.61
12.9039,-24.5628,0,215.42,959.6,24.82
47.3997,-1.1758,0,155.0,807.3,86.67
-5.7668,-25.0699,0,133.44,1857.8,40.29
42.3512,33.1579,0,183.08,265.3,27.05
2.1754,-18.9321,0,138.11,101.7,80.18
8.4283,-25.1573,0,54.49,2156.4,95.36
-2.091,17.6803,0,207.99,1393.5,52.62
19.3052,-0.1961,0,182.35,1571.3,45.49
28.0678,-31.1629,0,175.57,260.0,101.87
-10.2669,29.8794,0,98.5,1264.9,20.86
22.8259,26.904,0,207.9,1362.0,87.14
-0.8046,-10.6917,0,195.43,270.1,112.32
-4.3446,-0.6876,0,263.54,291.9,98.11
-15.4475,4.6416,0,275.18,1098.3,50.6
33.1325,25.8914,0,113.8,197.6,17.74
2.7928,35.5683,0,280.54,333.1,89.77
19.8746,-24.8432,0,176.29,697.0,78.79
-6.5827,19.9355,0,149.64,353.2,80.25
6.8473,-3.3024,0,209.66,2218.8,28.35
-6.4703,-7.8754,0,131.0,479.6,119.83
13.2259,-11.8141,0,125.64,2479.5,45.71
7.879,21.1347,0,153.34,1842.1,76.93
22.2359,-22.8857,0,233.77,2322.8,37.95
52.1239,-4.2,0,145.3,1843.2,118.13
24.6822,1.4087,0,288.42,824.4,43.04
-3.3585,28.4576,0,55.21,2072.7,85.87
0.6968,4.2931,0,183.52,2322.2,27.02
-17.1698,-11.5475,0,83.22,981.0,74.04
-2.5254,24.8859,0,72.06,1059.5,110.97
35.0699,17.8864,0,240.3,515.0,100.83
31.7196,6.0986,0,267.84,1528.6,43.04
34.8092,6.1027,0,68.83,234.2,94.8
6.0948,25.3713,0,149.97,2182.8,105.68
-2.9962,12.2223,0,194.55,127.4,95.52
8.6865,-15.6173,0,59.88,1395.8,26.45
17.6801,-22.3362,0,62.12,1855.8,53.22
13.4212,7.6106,0,171.14,633.0,41.88
9.5742,-29.4249,0,69.81,1471.5,15.42
9.9393,-33.1937,0,170.44,1957.2,24.34
-9.8847,4.7437,0,167.09,1665.4,31.57
26.1998,18.8534,0,109.1,271.9,95.44
4.2559,33.931,0,71.5,1712.2,56.59
6.1231,-14.3409,0,192.53,158.1,43.53
54.0739,9.2977,0,287.64,1161.3,26.04
-16.6342,25.4538,0,97.92,997.2,93.35
43.9573,-31.0103,0,63.09,2377.5,111.94
45.1564,25.6107,0,53.3,1765.1,22.24
13.7546,-38.1802,0,100.16,1391.2,32.42
19.2449,-19.3074,0,165.93,1851.8,25.55
32.4066,-38.5289,0,189.92,1692.5,14.78
-7.226,-17.2789,0,239.41,1583.1,15.84
29.1068,-39.3333,0,143.27,751.1,103.73
29.5075,29.1426,0,54.58,2181.8,81.44
-2.6624,-9.5439,0,284.39,339.0,44.7
45.008,2.5249,0,94.74,1301.6,60.38
49.4762,-38.2809,0,109.37,1370.6,46.69
9.505,-27.4396,0,133.23,944.6,78.78
-2.2846,38.2595,0,170.3,2048.5,78.84
45.9008,31.2322,0,245.57,170.7,71.04
1.0145,-27.8633,0,265.32,1676.6,19.66
8.6655,36.8485,0,196.99,1601.3,35.02
-1.9729,-27.7801,0,282.93,2283.4,46.22
20.6675,-23.4594,0,83.26,1399.2,98.01
44.6941,-15.2801,0,219.23,1357.1,24.88
54.6764,38.0622,0,84.84,2339.3,110.88
3.8122,4.5872,0,277.66,384.1,44.94
45.9729,18.1664,0,233.7,2212.3,55.54
10.8439,-4.5596,0,274.1,2245.9,112.66
0.5347,22.3286,0,75.63,543.4,93.87
25.8986,-18.651,0,186.09,654.2,35.54
31.5533,-11.2591,0,215.15,1243.8,65.26
25.3534,16.9615,0,139.75,2145.1,64.06
-9.6865,-24.5392,0,57.74,1934.9,11.65
0.2394,-6.9565,0,228.17,2471.8,93.36
-15.0398,34.1683,0,286.55,2181.1,63.89
4.3672,-3.3964,0,109.23,1071.7,14.6
35.1499,-9.5701,0,125.1,1567.6,91.67
24.5354,2.0184,0,260.19,1988.6,67.27
13.8707,26.1608,0,60.18,2490.0,67.06
9.6708,18.8136,0,183.85,1338.7,79.37
-16.3028,-16.7057,0,145.53,830.9,101.04
14.601,-6.203,0,197.15,230.9,66.87
-9.332,26.3915,0,158.41,1834.4,22.45
38.4048,35.0274,0,217.07,424.7,55.49
13.8164,-25.6897,0,191.68,1810.3,32.21
14.1012,-19.9934,0,216.01,2277.2,97.61
33.8781,-30.1165,0,77.4,1178.6,49.92
19.2863,-9.273,0,239.86,1328.0,114.47
8.4009,-9.5514,0,234.38,2289.4,72.2
29.4648,-27.9928,0,258.52,529.3,88.33
11.4686,-15.2385,0,234.47,1171.0,78.91
